{"time": "419264230537", "resource_request": {"cpus": 0, "memory": 0.0130157470703125}}
{"time": "750721881144", "resource_request": {"cpus": 0.0498046875, "memory": 0.0177001953125}}
{"time": "1216699994766", "resource_request": {"cpus": 0.01214599609375, "memory": 0.0078125}}
{"time": "1779425524490", "resource_request": {"cpus": 0.002170562744140625, "memory": 0.00023937225341796875}}
{"time": "673715250439", "resource_request": {"cpus": 0.021759033203125, "memory": 0.0013027191162109375}}
{"time": "2530995997507", "resource_request": {"cpus": 0.008636474609375, "memory": 0.0052947998046875}}
{"time": "1024781912352", "resource_request": {"cpus": 0.0016193389892578125, "memory": 0.001186370849609375}}
{"time": "2002584548538", "resource_request": {"cpus": 0.002025604248046875, "memory": 0.002231597900390625}}
{"time": "2647896277732", "resource_request": {"cpus": 0.009063720703125, "memory": 0.00539398193359375}}
{"time": "1082577906841", "resource_request": {"cpus": 0.0016193389892578125, "memory": 0.0015621185302734375}}
{"time": "597627567268", "resource_request": {"cpus": 0.02197265625, "memory": 0.0013027191162109375}}
{"time": "1190330764076", "resource_request": {"cpus": 0.025726318359375, "memory": 0.0081634521484375}}
{"time": "1079360711525", "resource_request": {"cpus": 0.00246429443359375, "memory": 0.002079010009765625}}
{"time": "1916639075174", "resource_request": {"cpus": 0.022918701171875, "memory": 0.0013027191162109375}}
{"time": "303751021313", "resource_request": {"cpus": 0.016204833984375, "memory": 0.018218994140625}}
{"time": "1906827743077", "resource_request": {"cpus": 0.0081024169921875, "memory": 0.0043792724609375}}
{"time": "993878992902", "resource_request": {"cpus": 0.0141754150390625, "memory": 0.00390625}}
{"time": "2141161260993", "resource_request": {"cpus": 0.00823974609375, "memory": 0.00031757354736328125}}
{"time": "150772034060", "resource_request": {"cpus": 0.01470947265625, "memory": 0.003276824951171875}}
{"time": "615431788282", "resource_request": {"cpus": 0.011474609375, "memory": 0.0013027191162109375}}
{"time": "352754698497", "resource_request": {"cpus": 0.00566864013671875, "memory": 0.001888275146484375}}
{"time": "2562577684369", "resource_request": {"cpus": 0.002201080322265625, "memory": 0.0006361007690429688}}
{"time": "770475099211", "resource_request": {"cpus": 0.0081024169921875, "memory": 0.00390625}}
{"time": "2617831982175", "resource_request": {"cpus": 0.00563812255859375, "memory": 0.00650787353515625}}
{"time": "684098085674", "resource_request": {"cpus": 0.003520965576171875, "memory": 0.0019092559814453125}}
{"time": "1364182173034", "resource_request": {"cpus": 0.00405120849609375, "memory": 0.00650787353515625}}
{"time": "433477890997", "resource_request": {"cpus": 0.0006341934204101562, "memory": 0.00524139404296875}}
{"time": "1033245145940", "resource_request": {"cpus": 0.022613525390625, "memory": 0.0013027191162109375}}
{"time": "2317483009075", "resource_request": {"cpus": 0.0025787353515625, "memory": 0.00026607513427734375}}
{"time": "1662039716140", "resource_request": {"cpus": 0.00566864013671875, "memory": 0.00262451171875}}
{"time": "1826201999053", "resource_request": {"cpus": 0.0088043212890625, "memory": 0.01593017578125}}
{"time": "2457416001621", "resource_request": {"cpus": 0.002025604248046875, "memory": 0.0006532669067382812}}
{"time": "226243812070", "resource_request": {"cpus": 0.0114898681640625, "memory": 0.0013027191162109375}}
{"time": "1604809746491", "resource_request": {"cpus": 0.0110015869140625, "memory": 0.00724029541015625}}
{"time": "1657217001075", "resource_request": {"cpus": 0.01214599609375, "memory": 0.0078125}}
{"time": "1099106803024", "resource_request": {"cpus": 0.0069580078125, "memory": 0.00232696533203125}}
{"time": "328975997503", "resource_request": {"cpus": 0.003238677978515625, "memory": 0.00390625}}
{"time": "691405710153", "resource_request": {"cpus": 0.00325775146484375, "memory": 0.003177642822265625}}
{"time": "1365351561521", "resource_request": {"cpus": 0.025726318359375, "memory": 0.009002685546875}}
{"time": "194156084163", "resource_request": {"cpus": 0.0016994476318359375, "memory": 0.002086639404296875}}
{"time": "1734007975674", "resource_request": {"cpus": 0.00688934326171875, "memory": 0.010894775390625}}
{"time": "2056291094216", "resource_request": {"cpus": 0.003345489501953125, "memory": 0.00650787353515625}}
{"time": "605254007269", "resource_request": {"cpus": 0.0049285888671875, "memory": 0.00678253173828125}}
{"time": "370440839493", "resource_request": {"cpus": 0.0088043212890625, "memory": 0.01171875}}
{"time": "218084954462", "resource_request": {"cpus": 0.002819061279296875, "memory": 0.003177642822265625}}
{"time": "2502818382197", "resource_request": {"cpus": 0.0116729736328125, "memory": 0.0013027191162109375}}
{"time": "2159552678948", "resource_request": {"cpus": 0.008636474609375, "memory": 0.0054779052734375}}
{"time": "1853466733000", "resource_request": {"cpus": 0.00566864013671875, "memory": 0.00262451171875}}
{"time": "332726783951", "resource_request": {"cpus": 0.00260162353515625, "memory": 0.0002193450927734375}}
{"time": "2564660897233", "resource_request": {"cpus": 0.02130126953125, "memory": 0.018218994140625}}
{"time": "52212106233", "resource_request": {"cpus": 0.0081024169921875, "memory": 0.002605438232421875}}
{"time": "963726639741", "resource_request": {"cpus": 0.00449371337890625, "memory": 0.0007410049438476562}}
{"time": "2494137448036", "resource_request": {"cpus": 0.0014171600341796875, "memory": 0.00524139404296875}}
{"time": "1773157777376", "resource_request": {"cpus": 0.00449371337890625, "memory": 0.0041656494140625}}
{"time": "1845509971293", "resource_request": {"cpus": 0.0110015869140625, "memory": 0.00390625}}
{"time": "1477140624323", "resource_request": {"cpus": 0.0110015869140625, "memory": 0.02142333984375}}
{"time": "319884375369", "resource_request": {"cpus": 0.00325775146484375, "memory": 0.013885498046875}}
{"time": "673008355491", "resource_request": {"cpus": 0.00449371337890625, "memory": 0.006622314453125}}
{"time": "545909657990", "resource_request": {"cpus": 0.00449371337890625, "memory": 0.008880615234375}}
{"time": "1946124241476", "resource_request": {"cpus": 0.0360107421875, "memory": 0.003082275390625}}
{"time": "972850018417", "resource_request": {"cpus": 0.0081024169921875, "memory": 0.00650787353515625}}
{"time": "445937956817", "resource_request": {"cpus": 0.00395965576171875, "memory": 0.0013027191162109375}}
{"time": "432377066650", "resource_request": {"cpus": 0.003696441650390625, "memory": 0.0016078948974609375}}
{"time": "1045745746981", "resource_request": {"cpus": 0.0228271484375, "memory": 0.0013027191162109375}}
{"time": "594187943884", "resource_request": {"cpus": 0.002025604248046875, "memory": 0.001483917236328125}}
{"time": "2322956435837", "resource_request": {"cpus": 0.03436279296875, "memory": 0.00467681884765625}}
{"time": "466523512500", "resource_request": {"cpus": 0.00669097900390625, "memory": 0.001556396484375}}
{"time": "735639834634", "resource_request": {"cpus": 0.016204833984375, "memory": 0.002605438232421875}}
{"time": "2521993791133", "resource_request": {"cpus": 0.019561767578125, "memory": 0.0013027191162109375}}
{"time": "2578711793454", "resource_request": {"cpus": 0.0091705322265625, "memory": 0.0013027191162109375}}
{"time": "1713233976179", "resource_request": {"cpus": 0.00739288330078125, "memory": 0.0013027191162109375}}
{"time": "338098586088", "resource_request": {"cpus": 0.028717041015625, "memory": 0.00450897216796875}}
{"time": "260473009809", "resource_request": {"cpus": 0.008544921875, "memory": 0.00650787353515625}}
{"time": "2639266654168", "resource_request": {"cpus": 0.0088043212890625, "memory": 0.01593017578125}}
{"time": "2036804778010", "resource_request": {"cpus": 0.00405120849609375, "memory": 0.00650787353515625}}
{"time": "193920060351",